{
  "start_time": "2025-09-05T20:20:32.674974",
  "data_stats": {
    "total_users": 50,
    "total_items": 32304,
    "total_interactions": 38904,
    "like_ratio": 0.7772465556241004,
    "avg_interactions_per_user": 778.08
  },
  "training_history": {
    "loss": [
      0.3359813094139099,
      0.11071289330720901,
      0.06331263482570648,
      0.046924568712711334,
      0.04083636403083801,
      0.03599832206964493,
      0.030563833191990852,
      0.023227635771036148,
      0.02115330658853054,
      0.019780736416578293,
      0.018590698018670082,
      0.017443515360355377
    ],
    "val_loss": [
      0.1772613674402237,
      0.11177690327167511,
      0.16578984260559082,
      0.1886284053325653,
      0.20576660335063934,
      0.21534378826618195,
      0.22358404099941254,
      0.23062655329704285,
      0.24192646145820618,
      0.24794699251651764,
      0.2545842230319977,
      0.2617615759372711
    ],
    "accuracy": [
      0.8480223417282104,
      0.9574912190437317,
      0.9735565185546875,
      0.9807537794113159,
      0.9824888110160828,
      0.9839668273925781,
      0.9845772981643677,
      0.9887221455574036,
      0.9898467659950256,
      0.9905214905738831,
      0.9911962151527405,
      0.9906821250915527
    ],
    "val_accuracy": [
      0.9388253688812256,
      0.9515486359596252,
      0.940367579460144,
      0.9381827712059021,
      0.9359979629516602,
      0.9375401735305786,
      0.933941662311554,
      0.9375401735305786,
      0.9367690682411194,
      0.9376686811447144,
      0.9375401735305786,
      0.9377971887588501
    ]
  },
  "evaluation_metrics": {
    "auc_roc": 0.9893985259680587,
    "auc_pr": 0.9970651875520459,
    "accuracy": 0.9515486441331449
  },
  "model_version": "rating_based_v1.0"
}